italian,english,io,io_english,tu,tu_english,lui/lei,lui/lei_english,noi,noi_english,voi,voi_english,loro,loro_english
essere,to be,sono,I am,sei,you are,è,he/she is,siamo,we are,siete,you all are,sono,they are
potere,to be able to,posso,I can,puoi,you can,può,he/she can,possiamo,we can,potete,you all can,possono,they can
avere,to have,ho,I have,hai,you have,ha,he/she has,abbiamo,we have,avete,you all have,hanno,they have
fare,to do/make,faccio,I do,fai,you do,fa,he/she does,facciamo,we do,fate,you all do,fanno,they do
dovere,to have to/must,devo,I must,devi,you must,deve,he/she must,dobbiamo,we must,dovete,you all must,devono,they must
dire,to say,dico,I say,dici,you say,dice,he/she says,diciamo,we say,dite,you all say,dicono,they say
dettare,to dictate,detto,I dictate,detti,you dictate,detta,he/she dictates,dettiamo,we dictate,dettate,you all dictate,dettano,they dictate
stare,to stay/be,sto,I stay/am,stai,you stay/are,sta,he/she stays/is,stiamo,we stay/are,state,you all stay/are,stanno,they stay/are
andare,to go,vado,I go,vai,you go,va,he/she goes,andiamo,we go,andate,you all go,vanno,they go
sembrare,to seem,sembro,I seem,sembri,you seem,sembra,he/she seems,sembriamo,we seem,sembrate,you all seem,sembrano,they seem
dare,to give,do,I give,dai,you give,dà,he/she gives,diamo,we give,date,you all give,danno,they give
trarre,to pull/draw,traggo,I pull/draw,trai,you pull/draw,trae,he/she pulls/draws,traiamo,we pull/draw,traete,you all pull/draw,traggono,they pull/draw
trattare,to treat/deal with,tratto,I treat/handle,tratti,you treat/handle,tratta,he/she treats/handles,trattiamo,we treat/handle,trattate,you all treat/handle,trattano,they treat/handle
riguardare,to concern/refer to,riguardo,I concern/watch,riguardi,you concern/watch,riguarda,he/she concerns/watches,riguardiamo,we concern/watch,riguardate,you all concern/watch,riguardano,they concern/watch
vedere,to see,vedo,I see,vedi,you see,vede,he/she sees,vediamo,we see,vedete,you all see,vedono,they see
scrivere,to write,scrivo,I write,scrivi,you write,scrive,he/she writes,scriviamo,we write,scrivete,you all write,scrivono,they write
datare,to date,dato,I date,dati,you date,data,he/she dates,datiamo,we date,datate,you all date,datano,they date
volere,to want,voglio,I want,vuoi,you want,vuole,he/she wants,vogliamo,we want,volete,you all want,vogliono,they want
sapere,to know,so,I know,sai,you know,sa,he/she knows,sappiamo,we know,sapete,you all know,sanno,they know
parlare,to speak,parlo,I speak,parli,you speak,parla,he/she speaks,parliamo,we speak,parlate,you all speak,parlano,they speak
credere,to believe,credo,I believe,credi,you believe,crede,he/she believes,crediamo,we believe,credete,you all believe,credono,they believe
trovare,to find,trovo,I find,trovi,you find,trova,he/she finds,troviamo,we find,trovate,you all find,trovano,they find
prevedere,to foresee/predict,prevedo,I foresee,prevedi,you foresee,prevede,he/she foresees,prevediamo,we foresee,prevedete,you all foresee,prevedono,they foresee
partire,to leave,parto,I leave,parti,you leave,parte,he/she leaves,partiamo,we leave,partite,you all leave,partono,they leave
capire,to understand,capisco,I understand,capisci,you understand,capisce,he/she understands,capiamo,we understand,capite,you all understand,capiscono,they understand
pensare,to think,penso,I think,pensi,you think,pensa,he/she thinks,pensiamo,we think,pensate,you all think,pensano,they think
mettere,to put,metto,I put,metti,you put,mette,he/she puts,mettiamo,we put,mettete,you all put,mettono,they put
prendere,to take,prendo,I take,prendi,you take,prende,he/she takes,prendiamo,we take,prendete,you all take,prendono,they take
inviare,to send,invio,I send,invii,you send,invia,he/she sends,inviamo,we send,inviate,you all send,inviano,they send
evitare,to avoid,evito,I avoid,eviti,you avoid,evita,he/she avoids,evitiamo,we avoid,evitate,you all avoid,evitano,they avoid
bisognare,to be necessary,bisogno,I need,bisogni,you need,bisogna,it is necessary,bisogniamo,we need,bisognate,you all need,bisognano,they need
creare,to create,creo,I create,crei,you create,crea,he/she creates,creiamo,we create,create,you all create,creano,they create
risultare,to result/turn out,risulto,I result,risulti,you result,risulta,he/she results,risultiamo,we result,risultate,you all result,risultano,they result
garantire,to guarantee,garantisco,I guarantee,garantisci,you guarantee,garantisce,he/she guarantees,garantiamo,we guarantee,garantite,you all guarantee,garantiscono,they guarantee
approvare,to approve,approvo,I approve,approvi,you approve,approva,he/she approves,approviamo,we approve,approvate,you all approve,approvano,they approve
vivere,to live,vivo,I live,vivi,you live,vive,he/she lives,viviamo,we live,vivete,you all live,vivono,they live
ottenere,to obtain,ottengo,I obtain,ottieni,you obtain,ottiene,he/she obtains,otteniamo,we obtain,ottenete,you all obtain,ottengono,they obtain
presentare,to present,presento,I present,presenti,you present,presenta,he/she presents,presentiamo,we present,presentate,you all present,presentano,they present
significare,to mean,significo,I mean,significhi,you mean,significa,he/she means,significhiamo,we mean,significate,you all mean,significano,they mean
venire,to come,vengo,I come,vieni,you come,viene,he/she comes,veniamo,we come,venite,you all come,vengono,they come
esistere,to exist,esisto,I exist,esisti,you exist,esiste,he/she exists,esistiamo,we exist,esistete,you all exist,esistono,they exist
parere,to seem,paio,I seem,pari,you seem,pare,he/she seems,paiamo,we seem,parete,you all seem,paiono,they seem
rappresentare,to represent,rappresento,I represent,rappresenti,you represent,rappresenta,he/she represents,rappresentiamo,we represent,rappresentate,you all represent,rappresentano,they represent
continuare,to continue,continuo,I continue,continui,you continue,continua,he/she continues,continuiamo,we continue,continuate,you all continue,continuano,they continue
rendere,to render,rendo,I render,rendi,you render,rende,he/she renders,rendiamo,we render,rendete,you all render,rendono,they render
pubblicare,to publish,pubblico,I publish,pubblichi,you publish,pubblica,he/she publishes,pubblichiamo,we publish,pubblicate,you all publish,pubblicano,they publish
decidere,to decide,decido,I decide,decidi,you decide,decide,he/she decides,decidiamo,we decide,decidete,you all decide,decidono,they decide
conoscere,to know,conosco,I know,conosci,you know,conosce,he/she knows,conosciamo,we know,conoscete,you all know,conoscono,they know
intendere,to intend,intendo,I intend,intendi,you intend,intende,he/she intends,intendiamo,we intend,intendete,you all intend,intendono,they intend
realizzare,to realize,realizzo,I realize,realizzi,you realize,realizza,he/she realizes,realizziamo,we realize,realizzate,you all realize,realizzano,they realize
bastare,to suffice,basto,I am enough,basti,you are enough,basta,he/she is enough,bastiamo,we are enough,bastate,you all are enough,bastano,they are enough
chiedere,to ask,chiedo,I ask,chiedi,you ask,chiede,he/she asks,chiediamo,we ask,chiedete,you all ask,chiedono,they ask
portare,to carry,porto,I carry,porti,you carry,porta,he/she carries,portiamo,we carry,portate,you all carry,portano,they carry
diventare,to become,divento,I become,diventi,you become,diventa,he/she becomes,diventiamo,we become,diventate,you all become,diventano,they become
apparire,to appear,appaio,I appear,appari,you appear,appare,he/she appears,appariamo,we appear,apparite,you all appear,appaiono,they appear
ritenere,to consider,ritengo,I believe,ritieni,you believe,ritiene,he/she believes,riteniamo,we believe,ritenete,you all believe,ritengono,they believe
proporre,to propose,propongo,I propose,proponi,you propose,propone,he/she proposes,proponiamo,we propose,proponete,you all propose,propongono,they propose
porgere,to offer/give,porgo,I offer,porgi,you offer,porge,he/she offers,porgiamo,we offer,porgete,you all offer,porgono,they offer
utilizzare,to utilize,utilizzo,I utilize,utilizzi,you utilize,utilizza,he/she utilizes,utilizziamo,we utilize,utilizzate,you all utilize,utilizzano,they utilize
tenere,to hold,tengo,I hold,tieni,you hold,tiene,he/she holds,teniamo,we hold,tenete,you all hold,tengono,they hold
arrivare,to arrive,arrivo,I arrive,arrivi,you arrive,arriva,he/she arrives,arriviamo,we arrive,arrivate,you all arrive,arrivano,they arrive
occorrere,to need,occorro,I need,occorri,you need,occorre,he/she needs,occorriamo,we need,occorrete,you all need,occorrono,they need
raggiungere,to reach,raggiungo,I reach,raggiungi,you reach,raggiunge,he/she reaches,raggiungiamo,we reach,raggiungete,you all reach,raggiungono,they reach
restare,to remain,resto,I stay,resti,you stay,resta,he/she stays,restiamo,we stay,restate,you all stay,restano,they stay
affrontare,to face,affronto,I face,affronti,you face,affronta,he/she faces,affrontiamo,we face,affrontate,you all face,affrontano,they face
consentire,to allow,consento,I allow,consenti,you allow,consente,he/she allows,consentiamo,we allow,consentite,you all allow,consentono,they allow
permettere,to permit,permetto,I permit,permetti,you permit,permette,he/she permits,permettiamo,we permit,permettete,you all permit,permettono,they permit
fornire,to provide,fornisco,I provide,fornisci,you provide,fornisce,he/she provides,forniamo,we provide,fornite,you all provide,forniscono,they provide
passare,to pass,passo,I pass,passi,you pass,passa,he/she passes,passiamo,we pass,passate,you all pass,passano,they pass
cercare,to look for,cerco,I look for,cerchi,you look for,cerca,he/she looks for,cerchiamo,we look for,cercate,you all look for,cercano,they look for
valere,to be worth,valgo,I am worth,vali,you are worth,vale,he/she is worth,valiamo,we are worth,valete,you all are worth,valgono,they are worth
lavorare,to work,lavoro,I work,lavori,you work,lavora,he/she works,lavoriamo,we work,lavorate,you all work,lavorano,they work
spiegare,to explain,spiego,I explain,spieghi,you explain,spiega,he/she explains,spieghiamo,we explain,spiegate,you all explain,spiegano,they explain
partecipare,to participate,partecipo,I participate,partecipi,you participate,partecipa,he/she participates,partecipiamo,we participate,partecipate,you all participate,partecipano,they participate
usare,to use,uso,I use,usi,you use,usa,he/she uses,usiamo,we use,usate,you all use,usano,they use
offrire,to offer,offro,I offer,offri,you offer,offre,he/she offers,offriamo,we offer,offrite,you all offer,offrono,they offer
ricordare,to remember,ricordo,I remember,ricordi,you remember,ricorda,he/she remembers,ricordiamo,we remember,ricordate,you all remember,ricordano,they remember
leggere,to read,leggo,I read,leggi,you read,legge,he/she reads,leggiamo,we read,leggete,you all read,leggono,they read
riuscire,to succeed,riesco,I succeed,riesci,you succeed,riesce,he/she succeeds,riusciamo,we succeed,riuscite,you all succeed,riescono,they succeed
costituire,to constitute,costituisco,I constitute,costituisci,you constitute,costituisce,he/she constitutes,costituiamo,we constitute,costituite,you all constitute,costituiscono,they constitute
considerare,to consider,considero,I consider,consideri,you consider,considera,he/she considers,consideriamo,we consider,considerate,you all consider,considerano,they consider
rimanere,to remain,rimango,I remain,rimani,you remain,rimane,he/she remains,rimaniamo,we remain,rimanete,you all remain,rimangono,they remain
rimare,to rhyme,rimo,I rhyme,rimi,you rhyme,rima,he/she rhymes,rimiamo,we rhyme,rimate,you all rhyme,rimano,they rhyme
entrare,to enter,entro,I enter,entri,you enter,entra,he/she enters,entriamo,we enter,entrate,you all enter,entrano,they enter
costruire,to build,costruisco,I build,costruisci,you build,costruisce,he/she builds,costruiamo,we build,costruite,you all build,costruiscono,they build
piacere,to please,piaccio,I am pleasing,piaci,you are pleasing,piace,he/she is pleasing,piacciamo,we are pleasing,piacete,you all are pleasing,piacciono,they are pleasing
rispondere,to respond,rispondo,I answer,rispondi,you answer,risponde,he/she answers,rispondiamo,we answer,rispondete,you all answer,rispondono,they answer
seguire,to follow,seguo,I follow,segui,you follow,segue,he/she follows,seguiamo,we follow,seguite,you all follow,seguono,they follow
nascere,to be born,nasco,I am born,nasci,you are born,nasce,he/she is born,nasciamo,we are born,nascete,you all are born,nascono,they are born
natare,to swim,nato,I swim,nati,you swim,nata,he/she swims,natiamo,we swim,natate,you all swim,natano,they swim
promuovere,to promote,promuovo,I promote,promuovi,you promote,promuove,he/she promotes,promuoviamo,we promote,promuovete,you all promote,promuovono,they promote
dichiarare,to declare,dichiaro,I declare,dichiari,you declare,dichiara,he/she declares,dichiariamo,we declare,dichiarate,you all declare,dichiarano,they declare
dedicare,to dedicate,dedico,I dedicate,dedichi,you dedicate,dedica,he/she dedicates,dedichiamo,we dedicate,dedicate,you all dedicate,dedicano,they dedicate
definire,to define,definisco,I define,definisci,you define,definisce,he/she defines,definiamo,we define,definite,you all define,definiscono,they define
sostenere,to support/sustain,sostengo,I support,sostieni,you support,sostiene,he/she supports,sosteniamo,we support,sostenete,you all support,sostengono,they support
assicurare,to ensure/insure,assicuro,I ensure,assicuri,you ensure,assicura,he/she ensures,assicuriamo,we ensure,assicurate,you all ensure,assicurano,they ensure
favorire,to favor,favorisco,I favor,favorisci,you favor,favorisce,he/she favors,favoreiamo,we favor,favorite,you all favor,favoriscono,they favor
esprimere,to express,esprimo,I express,esprimi,you express,esprime,he/she expresses,esprimiamo,we express,esprimete,you all express,esprimono,they express
svolgere,to carry out/perform,svolgo,I perform,svolgi,you perform,svolge,he/she performs,svolgiamo,we perform,svolgete,you all perform,svolgono,they perform
porre,to place/put,pongo,I place,poni,you place,pone,he/she places,poniamo,we place,ponete,you all place,pongono,they place
postare,to post (online),posto,I post,posti,you post,posta,he/she posts,postiamo,we post,postate,you all post,postano,they post
sentire,to feel/hear,sento,I hear,senti,you hear,sente,he/she hears,sentiamo,we hear,sentite,you all hear,sentono,they hear
servire,to serve/need,servo,I serve,servi,you serve,serve,he/she serves,serviamo,we serve,servite,you all serve,servono,they serve
capitare,to happen,capito,I happen,capiti,you happen,capita,he/she happens,capitiamo,we happen,capitate,you all happen,capitano,they happen
perdere,to lose,perdo,I lose,perdi,you lose,perde,he/she loses,perdiamo,we lose,perdete,you all lose,perdono,they lose
cambiare,to change,cambio,I change,cambi,you change,cambia,he/she changes,cambiamo,we change,cambiate,you all change,cambiano,they change
indicare,to indicate,indico,I indicate,indichi,you indicate,indica,he/she indicates,indichiamo,we indicate,indicate,you all indicate,indicano,they indicate
procedere,to proceed,procedo,I proceed,procedi,you proceed,procede,he/she proceeds,procediamo,we proceed,procedete,you all proceed,procedono,they proceed
svoltare,to turn,svolto,I turn,svolti,you turn,svolta,he/she turns,svoltiamo,we turn,svoltate,you all turn,svoltano,they turn
avvenire,to happen,avvengo,I happen,avvieni,you happen,avviene,he/she happens,avveniamo,we happen,avvenite,you all happen,avvengono,they happen
effettuare,to carry out,effettuo,I effect,effettui,you effect,effettua,he/she effects,effettuiamo,we effect,effettuate,you all effect,effettuano,they effect
tornare,to return,torno,I return,torni,you return,torna,he/she returns,torniamo,we return,tornate,you all return,tornano,they return
verificare,to verify,verifico,I verify,verifichi,you verify,verifica,he/she verifies,verifichiamo,we verify,verificate,you all verify,verificano,they verify
stabilire,to establish,stabilisco,I establish,stabilisci,you establish,stabilisce,he/she establishes,stabiliamo,we establish,stabilite,you all establish,stabiliscono,they establish
recare,to bring/carry,reco,I bring,rechi,you bring,reca,he/she brings,rechiamo,we bring,recate,you all bring,recano,they bring
richiedere,to request,richiedo,I request,richiedi,you request,richiede,he/she requests,richiediamo,we request,richiedete,you all request,richiedono,they request
mantenere,to maintain,mantengo,I maintain,mantieni,you maintain,mantiene,he/she maintains,manteniamo,we maintain,mantenete,you all maintain,mantengono,they maintain
affermare,to affirm/state,affermo,I affirm,affermi,you affirm,afferma,he/she affirms,affermiamo,we affirm,affermate,you all affirm,affermano,they affirm
lasciare,to leave,lascio,I leave,lasci,you leave,lascia,he/she leaves,lasciamo,we leave,lasciate,you all leave,lasciano,they leave
scegliere,to choose,scelgo,I choose,scegli,you choose,sceglie,he/she chooses,scegliamo,we choose,scegliete,you all choose,scelgono,they choose
migliorare,to improve,miglioro,I improve,migliori,you improve,migliora,he/she improves,miglioriamo,we improve,migliorate,you all improve,migliorano,they improve
disporre,to arrange/dispose,dispongo,I arrange,disponi,you arrange,dispone,he/she arranges,disponiamo,we arrange,disponete,you all arrange,dispongono,they arrange
chiamare,to call,chiamo,I call,chiami,you call,chiama,he/she calls,chiamiamo,we call,chiamate,you all call,chiamano,they call
valutare,to evaluate,valuto,I evaluate,valuti,you evaluate,valuta,he/she evaluates,valutiamo,we evaluate,valutate,you all evaluate,valutano,they evaluate
individuare,to identify,individuo,I identify,individui,you identify,individua,he/she identifies,individuiamo,we identify,individuate,you all identify,individuano,they identify
provenire,to come from,provengo,I come from,proveni,you come from,proviene,he/she comes from,proveniamo,we come from,provenite,you all come from,provengono,they come from
derivare,to derive,derivo,I derive,derivi,you derive,deriva,he/she derives,deriviamo,we derive,derivate,you all derive,derivano,they derive
pagare,to pay,pago,I pay,paghi,you pay,paga,he/she pays,paghiamo,we pay,pagate,you all pay,pagano,they pay
ricevere,to receive,ricevo,I receive,ricevi,you receive,riceve,he/she receives,riceviamo,we receive,ricevete,you all receive,ricevono,they receive
aggiungere,to add,aggiungo,I add,aggiungi,you add,aggiunge,he/she adds,aggiungiamo,we add,aggiungete,you all add,aggiungono,they add
superare,to overcome/exceed,supero,I overcome,superi,you overcome,supera,he/she overcomes,superiamo,we overcome,superate,you all overcome,superano,they overcome
iniziare,to start,inizio,I start,inizi,you start,inizia,he/she starts,iniziamo,we start,iniziate,you all start,iniziano,they start
intervenire,to intervene,intervengo,I intervene,intervieni,you intervene,interviene,he/she intervenes,interveniamo,we intervene,intervenite,you all intervene,intervengono,they intervene
aprire,to open,apro,I open,apri,you open,apre,he/she opens,apriamo,we open,aprite,you all open,aprono,they open
organizzare,to organize,organizzo,I organize,organizzi,you organize,organizza,he/she organizes,organizziamo,we organize,organizzate,you all organize,organizzano,they organize
contenere,to contain,contengo,I contain,contieni,you contain,contiene,he/she contains,conteniamo,we contain,contenete,you all contain,contengono,they contain
uscire,to exit,esco,I go out,esci,you go out,esce,he/she goes out,usciamo,we go out,uscite,you all go out,escono,they go out
ridurre,to reduce,riduco,I reduce,riduci,you reduce,riduce,he/she reduces,riduciamo,we reduce,riducete,you all reduce,riducono,they reduce
comportare,to entail,comporto,I entail,comporti,you entail,comporta,he/she entails,comportiamo,we entail,comportate,you all entail,comportano,they entail
modificare,to modify,modifico,I modify,modifichi,you modify,modifica,he/she modifies,modifichiamo,we modify,modificate,you all modify,modificano,they modify
risolvere,to resolve,risolvo,I solve,risolvi,you solve,risolve,he/she solves,risolviamo,we solve,risolvete,you all solve,risolvono,they solve
guardare,to look,guardo,I watch,guardi,you watch,guarda,he/she watches,guardiamo,we watch,guardate,you all watch,guardano,they watch
provvedere,to provide,provvedo,I provide,provvedi,you provide,provvede,he/she provides,provvediamo,we provide,provvedete,you all provide,provvedono,they provide
inserire,to insert,inserisco,I insert,inserisci,you insert,inserisce,he/she inserts,inseriamo,we insert,inserite,you all insert,inseriscono,they insert
cominciare,to begin,comincio,I begin,cominci,you begin,comincia,he/she begins,cominciamo,we begin,cominciate,you all begin,cominciano,they begin
applicare,to apply,applico,I apply,applichi,you apply,applica,he/she applies,applichiamo,we apply,applicate,you all apply,applicano,they apply
produrre,to produce,produco,I produce,produci,you produce,produce,he/she produces,produciamo,we produce,producete,you all produce,producono,they produce
destinare,to earmark,destino,I designate,destini,you designate,destina,he/she designates,destiniamo,we designate,destinate,you all designate,destinano,they designate
comprendere,to understand/include,comprendo,I understand,comprendi,you understand,comprende,he/she understands,comprendiamo,we understand,comprendete,you all understand,comprendono,they understand
assumere,to assume/hire,assumo,I assume,assumi,you assume,assume,he/she assumes,assumiamo,we assume,assumete,you all assume,assumono,they assume
sostituire,to replace,sostituisco,I replace,sostituisci,you replace,sostituisce,he/she replaces,sostituiamo,we replace,sostituite,you all replace,sostituiscono,they replace
seguitare,to continue,seguito,I continue,seguiti,you continue,seguita,he/she continues,seguitiamo,we continue,seguitate,you all continue,seguitano,they continue
sottolineare,to underline,sottolineo,I underline,sottolinei,you underline,sottolinea,he/she underlines,sottolineiamo,we underline,sottolineate,you all underline,sottolineano,they underline
accedere,to access,accedo,I access,accedi,you access,accede,he/she accesses,accediamo,we access,accedete,you all access,accedono,they access
sviluppare,to develop,sviluppo,I develop,sviluppi,you develop,sviluppa,he/she develops,sviluppiamo,we develop,sviluppate,you all develop,sviluppano,they develop
giocare,to play,gioco,I play,giochi,you play,gioca,he/she plays,giochiamo,we play,giocate,you all play,giocano,they play
dimostrare,to demonstrate,dimostro,I demonstrate,dimostri,you demonstrate,dimostra,he/she demonstrates,dimostriamo,we demonstrate,dimostrate,you all demonstrate,dimostrano,they demonstrate
riconoscere,to recognize,riconosco,I recognize,riconosci,you recognize,riconosce,he/she recognizes,riconosciamo,we recognize,riconoscete,you all recognize,riconoscono,they recognize
adottare,to adopt,adotto,I adopt,adotti,you adopt,adotta,he/she adopts,adottiamo,we adopt,adottate,you all adopt,adottano,they adopt
sperare,to hope,spero,I hope,speri,you hope,spera,he/she hopes,speriamo,we hope,sperate,you all hope,sperano,they hope
gestire,to manage,gestisco,I manage,gestisci,you manage,gestisce,he/she manages,gestiamo,we manage,gestite,you all manage,gestiscono,they manage
raccontare,to tell,racconto,I tell,racconti,you tell,racconta,he/she tells,raccontiamo,we tell,raccontate,you all tell,raccontano,they tell
comporre,to compose,compongo,I compose,componi,you compose,compone,he/she composes,componiamo,we compose,componete,you all compose,compongono,they compose
aiutare,to help,aiuto,I help,aiuti,you help,aiuta,he/she helps,aiutiamo,we help,aiutate,you all help,aiutano,they help
mancare,to lack/miss,manco,I am missing,manchi,you are missing,manca,he/she is missing,manchiamo,we are missing,mancate,you all are missing,mancano,they are missing
finire,to finish,finisco,I finish,finisci,you finish,finisce,he/she finishes,finiamo,we finish,finite,you all finish,finiscono,they finish
operare,to operate,opero,I operate,operi,you operate,opera,he/she operates,operiamo,we operate,operate,you all operate,operano,they operate
comunicare,to communicate,comunico,I communicate,comunichi,you communicate,comunica,he/she communicates,comunichiamo,we communicate,comunicate,you all communicate,comunicano,they communicate
vincere,to win,vinco,I win,vinci,you win,vince,he/she wins,vinciamo,we win,vincete,you all win,vincono,they win
occupare,to occupy,occupo,I occupy,occupi,you occupy,occupa,he/she occupies,occupiamo,we occupy,occupate,you all occupy,occupano,they occupy
aumentare,to increase,aumento,I increase,aumenti,you increase,aumenta,he/she increases,aumentiamo,we increase,aumentate,you all increase,aumentano,they increase
succedere,to happen,succedo,I happen,succedi,you happen,succede,he/she happens,succediamo,we happen,succedete,you all happen,succedono,they happen
consistere,to consist,consisto,I consist,consisti,you consist,consiste,he/she consists,consistiamo,we consist,consistete,you all consist,consistono,they consist
agire,to act,agisco,I act,agisci,you act,agisce,he/she acts,agiamo,we act,agite,you all act,agiscono,they act
concernere,to concern,concerno,I concern,concerni,you concern,concerne,he/she concerns,concerniamo,we concern,concernete,you all concern,concergono,they concern
scoprire,to discover,scopro,I discover,scopri,you discover,scopre,he/she discovers,scopriamo,we discover,scoprite,you all discover,scoprono,they discover
notare,to notice,noto,I notice,noti,you notice,nota,he/she notices,notiamo,we notice,notate,you all notice,notano,they notice
provare,to try,provo,I try,provi,you try,prova,he/she tries,proviamo,we try,provate,you all try,provano,they try
accettare,to accept,accetto,I accept,accetti,you accept,accetta,he/she accepts,accettiamo,we accept,accettate,you all accept,accettano,they accept
discutere,to discuss,discuto,I discuss,discuti,you discuss,discute,he/she discusses,discutiamo,we discuss,discutete,you all discuss,discutono,they discuss
dipendere,to depend,dipendo,I depend,dipendi,you depend,dipende,he/she depends,dipendiamo,we depend,dipendete,you all depend,dipendono,they depend
osservare,to observe,osservo,I observe,osservi,you observe,osserva,he/she observes,osserviamo,we observe,osservate,you all observe,osservano,they observe
legare,to tie,lego,I tie,leghi,you tie,lega,he/she ties,leghiamo,we tie,legate,you all tie,legano,they tie
rischiare,to risk,rischio,I risk,rischi,you risk,rischia,he/she risks,rischiamo,we risk,rischiate,you all risk,rischiano,they risk
crescere,to grow,cresco,I grow,cresci,you grow,cresce,he/she grows,cresciamo,we grow,crescete,you all grow,crescono,they grow
interessare,to interest,interesso,I interest,interessi,you interest,interessa,he/she interests,interessiamo,we interest,interessate,you all interest,interessano,they interest
mostrare,to show,mostro,I show,mostri,you show,mostra,he/she shows,mostriamo,we show,mostrate,you all show,mostrano,they show
riferire,to report,riferisco,I report,riferisci,you report,riferisce,he/she reports,riferiamo,we report,riferite,you all report,riferiscono,they report
determinare,to determine,determino,I determine,determini,you determine,determina,he/she determines,determiniamo,we determine,determinate,you all determine,determinano,they determine
iscrivere,to enroll,iscrivo,I enroll,iscrivi,you enroll,iscrive,he/she enrolls,iscriviamo,we enroll,iscrivete,you all enroll,iscrivono,they enroll
riportare,to bring back,riporto,I bring back,riporti,you bring back,riporta,he/she brings back,riportiamo,we bring back,riportate,you all bring back,riportano,they bring back
decorrere,to elapse,decorro,I run,decorri,you run,decorre,he/she runs,decorriamo,we run,decorrete,you all run,decorrono,they run
morire,to die,muoio,I die,muori,you die,muore,he/she dies,moriamo,we die,morite,you all die,muoiono,they die
controllare,to control,controllo,I control,controlli,you control,controlla,he/she controls,controlliamo,we control,controllate,you all control,controllano,they control
ascoltare,to listen,ascolto,I listen,ascolti,you listen,ascolta,he/she listens,ascoltiamo,we listen,ascoltate,you all listen,ascoltano,they listen
confermare,to confirm,confermo,I confirm,confermi,you confirm,conferma,he/she confirms,confermiamo,we confirm,confermate,you all confirm,confermano,they confirm
concludere,to conclude,concludo,I conclude,concludi,you conclude,conclude,he/she concludes,concludiamo,we conclude,concludete,you all conclude,concludono,they conclude
coinvolgere,to involve,coinvolgo,I involve,coinvolgi,you involve,coinvolge,he/she involves,coinvolgiamo,we involve,coinvolgete,you all involve,coinvolgono,they involve
accadere,to happen,accado,I happen,accadi,you happen,accade,he/she happens,accadiamo,we happen,accadete,you all happen,accadono,they happen
mangiare,to eat,mangio,I eat,mangi,you eat,mangia,he/she eats,mangiamo,we eat,mangiate,you all eat,mangiano,they eat
rivolgere,to turn,rivolgo,I turn,rivolgi,you turn,rivolge,he/she turns,rivolgiamo,we turn,rivolgete,you all turn,rivolgono,they turn
rivoltare,to turn over,rivolto,I overturn,rivolti,you overturn,rivolta,he/she overturns,rivoltiamo,we overturn,rivoltate,you all overturn,rivoltano,they overturn
proseguire,to continue,proseguo,I continue,prosegui,you continue,prosegue,he/she continues,proseguiamo,we continue,proseguite,you all continue,proseguono,they continue
registrare,to register,registro,I record,registri,you record,registra,he/she records,registriamo,we record,registrate,you all record,registrano,they record
funzionare,to function,funziono,I function,funzioni,you function,funziona,he/she functions,funzioniamo,we function,funzionate,you all function,funzionano,they function
votare,to vote,voto,I vote,voti,you vote,vota,he/she votes,votiamo,we vote,votate,you all vote,votano,they vote
compiere,to accomplish,compio,I accomplish,compi,you accomplish,compie,he/she accomplishes,compiamo,we accomplish,compiete,you all accomplish,compiono,they accomplish
rispettare,to respect,rispetto,I respect,rispetti,you respect,rispetta,he/she respects,rispettiamo,we respect,rispettate,you all respect,rispettano,they respect
combattere,to fight,combatto,I fight,combatti,you fight,combatte,he/she fights,combattiamo,we fight,combattete,you all fight,combattono,they fight
imparare,to learn,imparo,I learn,impari,you learn,impara,he/she learns,impariamo,we learn,imparate,you all learn,imparano,they learn
formare,to form,formo,I form,formi,you form,forma,he/she forms,formiamo,we form,formate,you all form,formano,they form
colpire,to hit,colpisco,I hit,colpisci,you hit,colpisce,he/she hits,colpiamo,we hit,colpite,you all hit,colpiscono,they hit
dimenticare,to forget,dimentico,I forget,dimentichi,you forget,dimentica,he/she forgets,dimentichiamo,we forget,dimenticate,you all forget,dimenticano,they forget
impegnare,to commit,impegno,I engage,impegni,you engage,impegna,he/she engages,impegniamo,we engage,impegnate,you all engage,impegnano,they engage
difendere,to defend,difendo,I defend,difendi,you defend,difende,he/she defends,difendiamo,we defend,difendete,you all defend,difendono,they defend
appartenere,to belong,appartengo,I belong,appartieni,you belong,appartiene,he/she belongs,apparteniamo,we belong,appartenete,you all belong,appartengono,they belong
annunciare,to announce,annuncio,I announce,annunci,you announce,annuncia,he/she announces,annunciamo,we announce,annunciate,you all announce,annunciano,they announce
tendere,to tend,tendo,I stretch,tendi,you stretch,tende,he/she stretches,tendiamo,we stretch,tendete,you all stretch,tendono,they stretch
fissare,to fix,fisso,I fix,fissi,you fix,fissa,he/she fixes,fissiamo,we fix,fissate,you all fix,fissano,they fix
riflettere,to reflect,rifletto,I reflect,rifletti,you reflect,riflette,he/she reflects,riflettiamo,we reflect,riflettete,you all reflect,riflettono,they reflect
firmare,to sign,firmo,I sign,firmi,you sign,firma,he/she signs,firmiamo,we sign,firmate,you all sign,firmano,they sign
salire,to go up,salgo,I go up,sali,you go up,sale,he/she goes up,saliamo,we go up,salite,you all go up,salgono,they go up
istituire,to establish,istituisco,I establish,istituisci,you establish,istituisce,he/she establishes,istituiamo,we establish,istituite,you all establish,istituiscono,they establish
costringere,to force,costringo,I force,costringi,you force,costringe,he/she forces,costringiamo,we force,costringete,you all force,costringono,they force
eliminare,to eliminate,elimino,I eliminate,elimini,you eliminate,elimina,he/she eliminates,eliminiamo,we eliminate,eliminate,you all eliminate,eliminano,they eliminate
studiare,to study,studio,I study,studi,you study,studia,he/she studies,studiamo,we study,studiate,you all study,studiano,they study
contribuire,to contribute,contribuisco,I contribute,contribuisci,you contribute,contribuisce,he/she contributes,contribuiamo,we contribute,contribuite,you all contribute,contribuiscono,they contribute
rilevare,to detect,rilevo,I detect,rilevi,you detect,rileva,he/she detects,rileviamo,we detect,rilevate,you all detect,rilevano,they detect
spettare,to be due,spetto,I am due,spetti,you are due,spetta,he/she is due,spettiamo,we are due,spettate,you all are due,spettano,they are due
convincere,to convince,convinco,I convince,convinci,you convince,convince,he/she convinces,convinciamo,we convince,convincete,you all convince,convincono,they convince
esercitare,to exercise,esercito,I exercise,eserciti,you exercise,esercita,he/she exercises,esercitiamo,we exercise,esercitate,you all exercise,esercitano,they exercise
emergere,to emerge,emergo,I emerge,emergi,you emerge,emerge,he/she emerges,emergiamo,we emerge,emergete,you all emerge,emergono,they emerge
raccogliere,to collect,raccolgo,I collect,raccogli,you collect,raccoglie,he/she collects,raccogliamo,we collect,raccogliete,you all collect,raccolgono,they collect
invitare,to invite,invito,I invite,inviti,you invite,invita,he/she invites,invitiamo,we invite,invitate,you all invite,invitano,they invite
uccidere,to kill,uccido,I kill,uccidi,you kill,uccide,he/she kills,uccidiamo,we kill,uccidete,you all kill,uccidono,they kill
eleggere,to elect,eleggo,I elect,eleggi,you elect,elegge,he/she elects,eleggiamo,we elect,eleggete,you all elect,eleggono,they elect
salvare,to save,salvo,I save,salvi,you save,salva,he/she saves,salviamo,we save,salvate,you all save,salvano,they save
sbagliare,to make a mistake,sbaglio,I make a mistake,sbagli,you make a mistake,sbaglia,he/she makes a mistake,sbagliamo,we make a mistake,sbagliate,you all make a mistake,sbagliano,they make a mistake
acquisire,to acquire,acquisisco,I acquire,acquisisci,you acquire,acquisisce,he/she acquires,acquisiamo,we acquire,acquisite,you all acquire,acquisiscono,they acquire
aspettare,to wait,aspetto,I wait,aspetti,you wait,aspetta,he/she waits,aspettiamo,we wait,aspettate,you all wait,aspettano,they wait
recuperare,to recover,recupero,I recover,recuperi,you recover,recupera,he/she recovers,recuperiamo,we recover,recuperate,you all recover,recuperano,they recover
chiudere,to close,chiudo,I close,chiudi,you close,chiude,he/she closes,chiudiamo,we close,chiudete,you all close,chiudono,they close
diffondere,to spread,diffondo,I spread,diffondi,you spread,diffonde,he/she spreads,diffondiamo,we spread,diffondete,you all spread,diffondono,they spread
introdurre,to introduce,introduco,I introduce,introduci,you introduce,introduce,he/she introduces,introduciamo,we introduce,introducete,you all introduce,introducono,they introduce
avviare,to start,avvio,I start,avvii,you start,avvia,he/she starts,avviamo,we start,avviate,you all start,avviano,they start
acquistare,to buy,acquisto,I buy,acquisti,you buy,acquista,he/she buys,acquistiamo,we buy,acquistate,you all buy,acquistano,they buy
nominare,to name,nomino,I nominate,nomini,you nominate,nomina,he/she nominates,nominiamo,we nominate,nominate,you all nominate,nominano,they nominate
amare,to love,amo,I love,ami,you love,ama,he/she loves,amiamo,we love,amate,you all love,amano,they love
condurre,to lead,conduco,I lead,conduci,you lead,conduce,he/she leads,conduciamo,we lead,conducete,you all lead,conducono,they lead
vistare,to stamp/approve,visto,I visit,visti,you visit,vista,he/she visits,vistiamo,we visit,vistate,you all visit,vistano,they visit
contare,to count,conto,I count,conti,you count,conta,he/she counts,contiamo,we count,contate,you all count,contano,they count
fondare,to found,fondo,I found,fondi,you found,fonda,he/she founds,fondiamo,we found,fondate,you all found,fondano,they found
impedire,to prevent,impedisco,I prevent,impedisci,you prevent,impedisce,he/she prevents,impediamo,we prevent,impedite,you all prevent,impediscono,they prevent
rilasciare,to release,rilascio,I release,rilasci,you release,rilascia,he/she releases,rilasciamo,we release,rilasciate,you all release,rilasciano,they release
autorizzare,to authorize,autorizzo,I authorize,autorizzi,you authorize,autorizza,he/she authorizes,autorizziamo,we authorize,autorizzate,you all authorize,autorizzano,they authorize
precisare,to clarify,preciso,I specify,precisi,you specify,precisa,he/she specifies,precisiamo,we specify,precisate,you all specify,precisano,they specify
eseguire,to execute,eseguo,I execute,esegui,you execute,esegue,he/she executes,eseguiamo,we execute,eseguite,you all execute,eseguono,they execute
ammettere,to admit,ammetto,I admit,ammetti,you admit,ammette,he/she admits,ammettiamo,we admit,ammettete,you all admit,ammettono,they admit
citare,to cite,cito,I cite,citi,you cite,cita,he/she cites,citiamo,we cite,citate,you all cite,citano,they cite
soddisfare,to satisfy,soddisfo,I satisfy,soddisfi,you satisfy,soddisfa,he/she satisfies,soddisfacciamo,we satisfy,soddisfate,you all satisfy,soddisfano,they satisfy
visitare,to visit,visito,I visit,visiti,you visit,visita,he/she visits,visitiamo,we visit,visitate,you all visit,visitano,they visit
segnalare,to signal,segnalo,I signal,segnali,you signal,segnala,he/she signals,segnaliamo,we signal,segnalate,you all signal,segnalano,they signal
caratterizzare,to characterize,caratterizzo,I characterize,caratterizzi,you characterize,caratterizza,he/she characterizes,caratterizziamo,we characterize,caratterizzate,you all characterize,caratterizzano,they characterize
trasmettere,to transmit,trasmetto,I transmit,trasmetti,you transmit,trasmette,he/she transmits,trasmettiamo,we transmit,trasmettete,you all transmit,trasmettono,they transmit
imporre,to impose,impongo,I impose,imponi,you impose,impone,he/she imposes,imponiamo,we impose,imponete,you all impose,impongono,they impose
correggere,to correct,correggo,I correct,correggi,you correct,corregge,he/she corrects,correggiamo,we correct,correggete,you all correct,correggono,they correct
basare,to base,baso,I base,basi,you base,basa,he/she bases,basiamo,we base,basate,you all base,basano,they base
sottoporre,to subject,sottopongo,I submit,sottoponi,you submit,sottopone,he/she submits,sottoponiamo,we submit,sottoponete,you all submit,sottopongono,they submit
immaginare,to imagine,immagino,I imagine,immagini,you imagine,immagina,he/she imagines,immaginiamo,we imagine,immaginate,you all imagine,immaginano,they imagine
correre,to run,corro,I run,corri,you run,corre,he/she runs,corriamo,we run,correte,you all run,corrono,they run
vendere,to sell,vendo,I sell,vendi,you sell,vende,he/she sells,vendiamo,we sell,vendete,you all sell,vendono,they sell
ricorrere,to resort,ricorro,I resort,ricorri,you resort,ricorre,he/she resorts,ricorriamo,we resort,ricorrete,you all resort,ricorrono,they resort
approfondire,to deepen,approfondisco,I deepen,approfondisci,you deepen,approfondisce,he/she deepens,approfondiamo,we deepen,approfondite,you all deepen,approfondiscono,they deepen
rivelare,to reveal,rivelo,I reveal,riveli,you reveal,rivela,he/she reveals,riveliamo,we reveal,rivelate,you all reveal,rivelano,they reveal
condividere,to share,condivido,I share,condividi,you share,condivide,he/she shares,condividiamo,we share,condividete,you all share,condividono,they share
cadere,to fall,cado,I fall,cadi,you fall,cade,he/she falls,cadiamo,we fall,cadete,you all fall,cadono,they fall
subire,to suffer,subisco,I undergo,subisci,you undergo,subisce,he/she undergoes,subiamo,we undergo,subite,you all undergo,subiscono,they undergo
costare,to cost,costo,I cost,costi,you cost,costa,he/she costs,costiamo,we cost,costate,you all cost,costano,they cost
affidare,to entrust,affido,I entrust,affidi,you entrust,affida,he/she entrusts,affidiamo,we entrust,affidate,you all entrust,affidano,they entrust
conseguire,to achieve,conseguo,I achieve,consegui,you achieve,consegue,he/she achieves,conseguiamo,we achieve,conseguite,you all achieve,conseguono,they achieve
accompagnare,to accompany,accompagno,I accompany,accompagni,you accompany,accompagna,he/she accompanies,accompagniamo,we accompany,accompagnate,you all accompany,accompagnano,they accompany
revocare,to revoke,revoco,I revoke,revochi,you revoke,revoca,he/she revokes,revochiamo,we revoke,revocate,you all revoke,revocano,they revoke
toccare,to touch,tocco,I touch,tocchi,you touch,tocca,he/she touches,tocchiamo,we touch,toccate,you all touch,toccano,they touch
lanciare,to throw,lancio,I throw,lanci,you throw,lancia,he/she throws,lanciamo,we throw,lanciate,you all throw,lanciano,they throw
assegnare,to assign,assegno,I assign,assegni,you assign,assegna,he/she assigns,assegniamo,we assign,assegnate,you all assign,assegnano,they assign
possedere,to possess,possiedo,I possess,possiedi,you possess,possiede,he/she possesses,possediamo,we possess,possedete,you all possess,possiedono,they possess
evidenziare,to highlight,evidenzio,I highlight,evidenzi,you highlight,evidenzia,he/she highlights,evidenziamo,we highlight,evidenziate,you all highlight,evidenziano,they highlight
sottoscrivere,to subscribe,sottoscrivo,I subscribe,sottoscrivi,you subscribe,sottoscrive,he/she subscribes,sottoscriviamo,we subscribe,sottoscrivete,you all subscribe,sottoscrivono,they subscribe
fermare,to stop,fermo,I stop,fermi,you stop,ferma,he/she stops,fermiamo,we stop,fermate,you all stop,fermano,they stop
riservare,to reserve,riservo,I reserve,riservi,you reserve,riserva,he/she reserves,riserviamo,we reserve,riservate,you all reserve,riservano,they reserve
preferire,to prefer,preferisco,I prefer,preferisci,you prefer,preferisce,he/she prefers,preferiamo,we prefer,preferite,you all prefer,preferiscono,they prefer
corrispondere,to correspond,corrispondo,I correspond,corrispondi,you correspond,corrisponde,he/she corresponds,corrispondiamo,we correspond,corrispondete,you all correspond,corrispondono,they correspond
muovere,to move,muovo,I move,muovi,you move,muove,he/she moves,moviamo,we move,movete,you all move,muovono,they move
terminare,to finish,termino,I finish,termini,you finish,termina,he/she finishes,terminiamo,we finish,terminate,you all finish,terminano,they finish
prescindere,to prescind,prescindo,I disregard,prescindi,you disregard,prescinde,he/she disregards,prescindiamo,we disregard,prescindete,you all disregard,prescindono,they disregard
accogliere,to welcome,accolgo,I welcome,accogli,you welcome,accoglie,he/she welcomes,accogliamo,we welcome,accogliete,you all welcome,accolgono,they welcome
dirigere,to direct,dirigo,I direct,dirigi,you direct,dirige,he/she directs,dirigiamo,we direct,dirigete,you all direct,dirigono,they direct
attribuire,to attribute,attribuisco,I attribute,attribuisci,you attribute,attribuisce,he/she attributes,attribuiamo,we attribute,attribuite,you all attribute,attribuiscono,they attribute
incontrare,to meet,incontro,I meet,incontri,you meet,incontra,he/she meets,incontriamo,we meet,incontrate,you all meet,incontrano,they meet
attivare,to activate,attivo,I activate,attivi,you activate,attiva,he/she activates,attiviamo,we activate,attivate,you all activate,attivano,they activate
importare,to import,importo,I matter,importi,you matter,importa,he/she matters,importiamo,we matter,importate,you all matter,importano,they matter
valorizzare,to enhance,valorizzo,I enhance,valorizzi,you enhance,valorizza,he/she enhances,valorizziamo,we enhance,valorizzate,you all enhance,valorizzano,they enhance
cogliere,to gather,colgo,I grasp,cogli,you grasp,coglie,he/she grasps,cogliamo,we grasp,cogliete,you all grasp,colgono,they grasp
attuare,to implement,attuo,I implement,attui,you implement,attua,he/she implements,attuiamo,we implement,attuate,you all implement,attuano,they implement
scaricare,to download,scarico,I download,scarichi,you download,scarica,he/she downloads,scarichiamo,we download,scaricate,you all download,scaricano,they download
farcire,to stuff,farcisco,I stuff,farcisci,you stuff,farcisce,he/she stuffs,farciamo,we stuff,farcite,you all stuff,farciscono,they stuff
scendere,to descend,scendo,I go down,scendi,you go down,scende,he/she goes down,scendiamo,we go down,scendete,you all go down,scendono,they go down
comprare,to buy,compro,I buy,compri,you buy,compra,he/she buys,compriamo,we buy,comprate,you all buy,comprano,they buy
rafforzare,to strengthen,rafforzo,I strengthen,rafforzi,you strengthen,rafforza,he/she strengthens,rafforziamo,we strengthen,rafforzate,you all strengthen,rafforzano,they strengthen
ridere,to laugh,rido,I laugh,ridi,you laugh,ride,he/she laughs,ridiamo,we laugh,ridete,you all laugh,ridono,they laugh
meritare,to deserve,merito,I deserve,meriti,you deserve,merita,he/she deserves,meritiamo,we deserve,meritate,you all deserve,meritano,they deserve
ringraziare,to thank,ringrazio,I thank,ringrazi,you thank,ringrazia,he/she thanks,ringraziamo,we thank,ringraziate,you all thank,ringraziano,they thank
chiarire,to clarify,chiarisco,I clarify,chiarisci,you clarify,chiarisce,he/she clarifies,chiariamo,we clarify,chiarite,you all clarify,chiariscono,they clarify
avvertire,to warn,avverto,I warn,avverti,you warn,avverte,he/she warns,avvertiamo,we warn,avvertite,you all warn,avvertono,they warn
giungere,to arrive,giungo,I arrive,giungi,you arrive,giunge,he/she arrives,giungiamo,we arrive,giungete,you all arrive,giungono,they arrive
commentare,to comment,commento,I comment,commenti,you comment,commenta,he/she comments,commentiamo,we comment,commentate,you all comment,commentano,they comment
rientrare,to re-enter,rientro,I return,rientri,you return,rientra,he/she returns,rientriamo,we return,rientrate,you all return,rientrano,they return
bere,to drink,bevo,I drink,bevi,you drink,beve,he/she drinks,beviamo,we drink,bevete,you all drink,bevono,they drink
girare,to turn,giro,I turn,giri,you turn,gira,he/she turns,giriamo,we turn,girate,you all turn,girano,they turn
prestare,to lend,presto,I lend,presti,you lend,presta,he/she lends,prestiamo,we lend,prestate,you all lend,prestano,they lend
rinunciare,to renounce,rinuncio,I renounce,rinunci,you renounce,rinuncia,he/she renounces,rinunciamo,we renounce,rinunciate,you all renounce,rinunciano,they renounce
esporre,to expose,espongo,I exhibit,esponi,you exhibit,espone,he/she exhibits,esponiamo,we exhibit,esponete,you all exhibit,espongono,they exhibit
pervenire,to reach,pervengo,I reach,pervieni,you reach,perviene,he/she reaches,perveniamo,we reach,pervenite,you all reach,pervengono,they reach
predisporre,to prepare,predispongo,I arrange,predisponi,you arrange,predispone,he/she arranges,predisponiamo,we arrange,predisponete,you all arrange,predispongono,they arrange
tutelare,to protect,tutelo,I protect,tuteli,you protect,tutela,he/she protects,tuteliamo,we protect,tutelate,you all protect,tutelano,they protect
trasformare,to transform,trasformo,I transform,trasformi,you transform,trasforma,he/she transforms,trasformiamo,we transform,trasformate,you all transform,trasformano,they transform
assistere,to assist,assisto,I assist,assisti,you assist,assiste,he/she assists,assistiamo,we assist,assistete,you all assist,assistono,they assist
limitare,to limit,limito,I limit,limiti,you limit,limita,he/she limits,limitiamo,we limit,limitate,you all limit,limitano,they limit
riprendere,to resume,riprendo,I resume,riprendi,you resume,riprende,he/she resumes,riprendiamo,we resume,riprendete,you all resume,riprendono,they resume
mandare,to send,mando,I send,mandi,you send,manda,he/she sends,mandiamo,we send,mandate,you all send,mandano,they send
dotare,to endow,doto,I endow,doti,you endow,dota,he/she endows,dotiamo,we endow,dotate,you all endow,dotano,they endow
prevenire,to prevent,prevengo,I prevent,previeni,you prevent,previene,he/she prevents,preveniamo,we prevent,prevenite,you all prevent,prevengono,they prevent
tentare,to attempt,tento,I attempt,tenti,you attempt,tenta,he/she attempts,tentiamo,we attempt,tentate,you all attempt,tentano,they attempt
curare,to cure,curo,I treat,curi,you treat,cura,he/she treats,curiamo,we treat,curate,you all treat,curano,they treat
finalizzare,to finalize,finalizzo,I finalize,finalizzi,you finalize,finalizza,he/she finalizes,finalizziamo,we finalize,finalizzate,you all finalize,finalizzano,they finalize
addossare,to place upon,addosso,I blame,addossi,you blame,addossa,he/she blames,addossiamo,we blame,addossate,you all blame,addossano,they blame
escludere,to exclude,escludo,I exclude,escludi,you exclude,esclude,he/she excludes,escludiamo,we exclude,escludete,you all exclude,escludono,they exclude
attenere,to pertain,attengo,I obtain,attieni,you obtain,attiene,he/she obtains,atteniamo,we obtain,attenete,you all obtain,attengono,they obtain
dormire,to sleep,dormo,I sleep,dormi,you sleep,dorme,he/she sleeps,dormiamo,we sleep,dormite,you all sleep,dormono,they sleep
coprire,to cover,copro,I cover,copri,you cover,copre,he/she covers,copriamo,we cover,coprite,you all cover,coprono,they cover
preparare,to prepare,preparo,I prepare,prepari,you prepare,prepara,he/she prepares,prepariamo,we prepare,preparate,you all prepare,preparano,they prepare
consultare,to consult,consulto,I consult,consulti,you consult,consulta,he/she consults,consultiamo,we consult,consultate,you all consult,consultano,they consult
collegare,to connect,collego,I connect,colleghi,you connect,collega,he/she connects,colleghiamo,we connect,collegate,you all connect,collegano,they connect
condannare,to condemn,condanno,I condemn,condanni,you condemn,condanna,he/she condemns,condanniamo,we condemn,condannate,you all condemn,condannano,they condemn
avanzare,to advance,avanzo,I advance,avanzi,you advance,avanza,he/she advances,avanziamo,we advance,avanzate,you all advance,avanzano,they advance
segnare,to mark,segno,I mark,segni,you mark,segna,he/she marks,segniamo,we mark,segnate,you all mark,segnano,they mark
esercire,to exercise (rare),esercisco,I exercise,esercisci,you exercise,esercisce,he/she exercises,eserciamo,we exercise,esercite,you all exercise,eserciscono,they exercise
pungere,to sting,pungo,I prick,pungi,you prick,punge,he/she pricks,pungiamo,we prick,pungete,you all prick,pungono,they prick
puntare,to point,punto,I aim,punti,you aim,punta,he/she aims,puntiamo,we aim,puntate,you all aim,puntano,they aim
proteggere,to protect,proteggo,I protect,proteggi,you protect,protegge,he/she protects,proteggiamo,we protect,proteggete,you all protect,proteggono,they protect
attendere,to wait,attendo,I wait,attendi,you wait,attende,he/she waits,attendiamo,we wait,attendete,you all wait,attendono,they wait
descrivere,to describe,descrivo,I describe,descrivi,you describe,descrive,he/she describes,descriviamo,we describe,descrivete,you all describe,descrivono,they describe
distinguere,to distinguish,distinguo,I distinguish,distingui,you distinguish,distingue,he/she distinguishes,distinguiamo,we distinguish,distinguete,you all distinguish,distinguono,they distinguish
analizzare,to analyze,analizzo,I analyze,analizzi,you analyze,analizza,he/she analyzes,analizziamo,we analyze,analizzate,you all analyze,analizzano,they analyze
esaminare,to examine,esamino,I examine,esamini,you examine,esamina,he/she examines,esaminiamo,we examine,esaminate,you all examine,esaminano,they examine
facilitare,to facilitate,facilito,I facilitate,facilita,you facilitate,facilita,he/she facilitates,facilitiamo,we facilitate,facilitate,you all facilitate,facilitano,they facilitate
interpretare,to interpret,interpreto,I interpret,interpreti,you interpret,interpreta,he/she interprets,interpretiamo,we interpret,interpretate,you all interpret,interpretano,they interpret
elaborare,to process,elaboro,I process,elabori,you process,elabora,he/she processes,elaboriamo,we process,elaborate,you all process,elaborano,they process
convenire,to agree / to be worthwhile,convengo,I agree,conviene,you agree,conviene,he/she agrees,conveniamo,we agree,convenite,you all agree,convengono,they agree
provocare,to provoke,provoco,I provoke,provochi,you provoke,provoca,he/she provokes,provochiamo,we provoke,provocate,you all provoke,provocano,they provoke
togliere,to remove,tolgo,I remove,togli,you remove,toglie,he/she removes,togliamo,we remove,togliete,you all remove,tolgono,they remove
ribadire,to reiterate,ribadisco,I reiterate,ribadisci,you reiterate,ribadisce,he/she reiterates,ribadiamo,we reiterate,ribadite,you all reiterate,ribadiscono,they reiterate
integrare,to integrate,integro,I integrate,integri,you integrate,integra,he/she integrates,integriamo,we integrate,integrate,you all integrate,integrano,they integrate
divenire,to become,divengo,I become,divieni,you become,diviene,he/she becomes,diveniamo,we become,divenite,you all become,divengono,they become
richiamare,to recall,richiamo,I recall,richiami,you recall,richiama,he/she recalls,richiamiamo,we recall,richiamate,you all recall,richiamano,they recall
abbandonare,to abandon,abbandono,I abandon,abbandoni,you abandon,abbandona,he/she abandons,abbandoniamo,we abandon,abbandonate,you all abandon,abbandonano,they abandon
delegare,to delegate,delego,I delegate,deleghi,you delegate,delega,he/she delegates,deleghiamo,we delegate,delegate,you all delegate,delegano,they delegate
denominare,to name,denomino,I name,denomini,you name,denomina,he/she names,denominiamo,we name,denominate,you all name,denominano,they name
conservare,to conserve,conservo,I preserve,conservi,you preserve,conserva,he/she preserves,conserviamo,we preserve,conservate,you all preserve,conservano,they preserve
perseguire,to pursue,perseguo,I pursue,persegui,you pursue,persegue,he/she pursues,perseguiamo,we pursue,perseguite,you all pursue,perseguono,they pursue
contrastare,to contrast,contrasto,I contrast,contrasti,you contrast,contrasta,he/she contrasts,contrastiamo,we contrast,contrastate,you all contrast,contrastano,they contrast
stipulare,to stipulate,stipulo,I stipulate,stipuli,you stipulate,stipula,he/she stipulates,stipuliamo,we stipulate,stipulate,you all stipulate,stipulano,they stipulate
situare,to situate,situo,I situate,situi,you situate,situa,he/she situates,situiamo,we situate,situate,you all situate,situano,they situate
commettere,to commit,commetto,I commit,commetti,you commit,commette,he/she commits,commettiamo,we commit,commettete,you all commit,commettono,they commit
giudicare,to judge,giudico,I judge,giudichi,you judge,giudica,he/she judges,giudichiamo,we judge,giudicate,you all judge,giudicano,they judge
ripetere,to repeat,ripeto,I repeat,ripeti,you repeat,ripete,he/she repeats,ripetiamo,we repeat,ripetete,you all repeat,ripetono,they repeat
dispiacere,to be displeased / to regret,dispiaccio,I am sorry,dispiaci,you are sorry,dispiace,he/she is sorry,dispiacciamo,we are sorry,dispiacete,you all are sorry,dispiacciono,they are sorry
avvalersi,to avail oneself,mi avvalgo,I avail myself,ti avvali,you avail yourself,si avvale,he/she avails himself/herself,ci avvaliamo,we avail ourselves,vi avvalete,you all avail yourselves,si avvalgono,they avail themselves
usufruire,to make use of,usufruisco,I make use of,usufruisci,you make use of,usufruisce,he/she makes use of,usufruiamo,we make use of,usufruite,you all make use of,usufruiscono,they make use of
investire,to invest / to hit,investo,I invest,investi,you invest,investe,he/she invests,investiamo,we invest,investite,you all invest,investono,they invest
guidare,to drive / to guide,guido,I drive,guidi,you drive,guida,he/she drives,guidiamo,we drive,guidate,you all drive,guidano,they drive
completare,to complete,completo,I complete,completi,you complete,completa,he/she completes,completiamo,we complete,completate,you all complete,completano,they complete
sfruttare,to exploit,sfrutto,I exploit,sfrutti,you exploit,sfrutta,he/she exploits,sfruttiamo,we exploit,sfruttate,you all exploit,sfruttano,they exploit
insegnare,to teach,insegno,I teach,insegni,you teach,insegna,he/she teaches,insegniamo,we teach,insegnate,you all teach,insegnano,they teach
incaricare,to charge / to task,incarico,I charge,incarichi,you charge,incarica,he/she charges,incarichiamo,we charge,incaricate,you all charge,incaricano,they charge
redigere,to draft,redigo,I draft,redigi,you draft,redige,he/she drafts,redigiamo,we draft,redigete,you all draft,redigono,they draft
implicare,to imply,implico,I implicate,implichi,you implicate,implica,he/she implicates,implichiamo,we implicate,implicate,you all implicate,implicano,they implicate
suonare,to play (an instrument) / to ring,suono,I play,suoni,you play,suona,he/she plays,suoniamo,we play,suonate,you all play,suonano,they play
finanziare,to finance,finanzio,I finance,finanzi,you finance,finanzia,he/she finances,finanziamo,we finance,finanziate,you all finance,finanziano,they finance
identificare,to identify,identifico,I identify,identifichi,you identify,identifica,he/she identifies,identifichiamo,we identify,identificate,you all identify,identificano,they identify
associare,to associate,associo,I associate,assocì,you associate,associa,he/she associates,associamo,we associate,associate,you all associate,associano,they associate
emanare,to emanate / to issue,emano,I enact,emani,you enact,emana,he/she enacts,emaniamo,we enact,emanate,you all enact,emanano,they enact
impostare,to set up / to configure,imposto,I set,imposti,you set,imposta,he/she sets,impostiamo,we set,impostate,you all set,impostano,they set
rivedere,to review / to see again,rivedo,I review,rivedi,you review,rivede,he/she reviews,rivediamo,we review,rivedete,you all review,rivedono,they review
accertare,to ascertain,accerto,I verify,accerti,you verify,accerta,he/she verifies,accertiamo,we verify,accertate,you all verify,accertano,they verify
apportare,to bring (changes),apporto,I contribute,apporti,you contribute,apporta,he/she contributes,apportiamo,we contribute,apportate,you all contribute,apportano,they contribute
informare,to inform,informo,I inform,informi,you inform,informa,he/she informs,informiamo,we inform,informate,you all inform,informano,they inform
illustrare,to illustrate,illustro,I illustrate,illustri,you illustrate,illustra,he/she illustrates,illustriamo,we illustrate,illustrate,you all illustrate,illustrano,they illustrate
vietare,to forbid,vieto,I forbid,vieti,you forbid,vieta,he/she forbids,vietiamo,we forbid,vietate,you all forbid,vietano,they forbid
respingere,to reject / to push back,respingo,I reject,respingi,you reject,respinge,he/she rejects,respingiamo,we reject,respingete,you all reject,respingono,they reject
