italian,english
la parte,part
l'anno,year
la legge,law
il lavoro,work
l'articolo,article
il comma,paragraph
il tempo,time
l'attività,activity
il caso,case
il modo,way
la vita,life
il mondo,world
la fine,end
la volta,time
il punto,point
l'ora,hour
la base,base
il giorno,day
il sistema,system
la persona,person
il decreto,decree
la ricerca,research
il servizio,service
il numero,number
il corso,course
il diritto,law
la società,society
il momento,moment
il fatto,fact
la storia,history
il progetto,project
la città,city
il dato,data
il livello,level
lo sviluppo,development
l'esempio,example
l'uomo,man
la casa,house
la scuola,school
la materia,subject
il presidente,president
la formazione,training
il periodo,period
la cosa,thing
il territorio,territory
l'euro,euro
il dicembre,December
l'informazione,information
la data,date
il senso,sense
il gruppo,group
il tipo,type
il problema,problem
il settore,sector
il particolare,detail
il riferimento,reference
il conto,bill
la realtà,reality
la possibilità,possibility
il testo,text
il mese,month
la gestione,management
il termine,term
l'interno,interior
il rapporto,relationship
la guerra,war
l'ambito,scope
il visto,visa
il luglio,July
la sicurezza,security
la via,way
il programma,program
il film,film
il piano,plan
l'ordine,order
il marzo,March
la sede,headquarters
il mercato,market
l'uso,use
il milione,million
la parola,word
la situazione,situation
il ruolo,role
il grado,degree
l'esame,exam
il governo,government
il maggio,May
il giugno,June
il nome,name
la condizione,condition
l'atto,act
la relazione,relationship
il titolo,title
la qualità,quality
lo stato,state
il luogo,place
il campo,field
lo studio,study
la forma,form
il personale,staff
la domanda,question
la disposizione,disposition
il controllo,control
il paese,country
il posto,place
l'intervento,intervention
il sito,site
la presenza,presence
il gennaio,January
il centro,center
l'impresa,business
la risorsa,resource
il rispetto,respect
il cittadino,citizen
la rete,network
il settembre,September
la richiesta,request
la norma,norm
l'aprile,April
il fronte,front
la proposta,proposal
il lavoratore,worker
la serie,series
la modalità,mode
il valore,value
la politica,policy
il seguito,following
il soggetto,subject
l'inizio,start
il febbraio,February
l'area,area
la vista,view
la questione,issue
l'ottobre,October
la lettera,letter
l'opera,work
l'acqua,water
il processo,process
il prodotto,product
il bambino,child
la comunicazione,communication
la valutazione,evaluation
la strada,road
la donna,woman
l'accordo,agreement
la parte/il parto,part/birth
la cultura,culture
l'azione,action
l'ambiente,environment
l'interesse,interest
la produzione,production
il novembre,November
la natura,nature
la cura,care
l'esperienza,experience
la forza,force
l'oggetto,object
l'effetto,effect
la famiglia,family
l'ente,entity
la causa,cause
l'agosto,August
l'attenzione,attention
l'applicazione,application
il risultato,result
la capacità,capacity
l'amministrazione,administration
la morte,death
il libro,book
la scelta,choice
l'amore,love
la funzione,function
il tema,theme
il provvedimento,provision
il fondo,fund
il confronto,comparison
la mano,hand
la terra,earth
il potere,power
la partecipazione,participation
il contratto,contract
l'idea,idea
l'occasione,opportunity
la posizione,position
la realizzazione,realization
la collaborazione,collaboration
il gioco,game
la libertà,freedom
la luce,light
l'esercizio,exercise
la necessità,necessity
lo strumento,instrument
l'organizzazione,organization
il parere,opinion
l'accesso,access
la risposta,answer
la tutela,protection
la responsabilità,responsibility
lo spazio,space
l'incontro,meeting
la pace,peace
la musica,music
il bilancio,budget
l'attuazione,implementation
il previsto,forecast
la fase,phase
il rischio,risk
il the,tea
il bisogno,need
il genere,genre
la struttura,structure
la misura,measure
il favore,favor
la comunità,community
il mezzo,means
l'iniziativa,initiative
l'analisi,analysis
il futuro,future
la conoscenza,knowledge
l'elemento,element
l'età,age
la gente,people
il corpo,body
il carattere,character
il regolamento,regulation
la prova,proof
la spesa,expense
la voce,voice
il criterio,criterion
la zona,zone
l'unità,unit
il cuore,heart
la discussione,discussion
l'occhio,eye
la ragione,reason
il giovane,young person
il merito,merit
l'obiettivo,objective
il modello,model
l'impegno,commitment
lo studente,student
la linea,line
l'arte,art
il membro,member
la sinistra,left
il ministro,minister
il codice,code
la maggioranza,majority
il giudizio,judgment
la disciplina,discipline
la stampa,press
l'azienda,company
lo scopo,purpose
l'economia,economy
la salute,health
il ragazzo,boy
il trattamento,treatment
il principio,principle
l'ufficio,office
il voto,vote
il vigore,vigor
la provincia,province
la riforma,reform
il mare,sea
la difficoltà,difficulty
la regione,region
il capo,boss
il resto,remainder
l'esigenza,need
il quadro,picture
la competenza,competence
il bene,good
la lingua,language
il pubblico,public
l'associazione,association
il concorso,competition
la lira,lira
il carico,load
il documento,document
l'aspetto,aspect
la legge,law
l'istituzione,institution
la difesa,defense
l'autorità,authority
la presentazione,presentation
la notte,night
l'assistenza,assistance
l'ipotesi,hypothesis
l'autore,author
il percorso,path
la sera,evening
il contributo,contribution
la classe,class
la settimana,week
la testa,head
la caratteristica,characteristic
la procedura,procedure
la crescita,growth
il limite,limit
la maniera,manner
il sostegno,support
la durata,duration
il successo,success
la decisione,decision
il padre,father
la foto,photo
il figlio,son
la pagina,page
la verità,truth
la guida,guide
il ricorso,appeal
il contenuto,content
la gara,competition
la soluzione,solution
la seduta,session
il secolo,century
il miliardo,billion
l'utilizzo,usage
la crisi,crisis
la popolazione,population
l'immagine,image
l'integrazione,integration
la giustizia,justice
la categoria,category
il passato,past
l'energia,energy
la protezione,protection
la regola,rule
il consiglio,advice
il principe|il principio,prince|principle
il motivo,reason
la dichiarazione,declaration
l'indirizzo,address
la definizione,definition
la sezione,section
il messaggio,message
l'opportunità,opportunity
il riguardo,regard
l'origine,origin
la direzione,direction
il costo,cost
il movimento,movement
il viaggio,trip
la giornata,daytime
il minuto,minute
la normativa,regulations
il direttore,director
l'obbligo,obligation
la costruzione,construction
l'entrata,entrance
la metà,half
la fila / le file,row
la modificazione,modification
il giudice,judge
la specie,species
l'offerta,offer
la riduzione,reduction
la sentenza,sentence
il prezzo,price
l'utente,user
la polizia,police
il pensiero,thought
il pagamento,payment
l'istruzione,instruction
il popolo,people
la destra,right
l'aria,air
il disegno,drawing
il proposito,purpose
l'importanza,importance
l'operatore,operator
l'operazione,operation
la carta,paper
l'aumento,increase
la commissione,commission
il metro,meter
il requisito,requirement
l'amico,friend
il commercio,trade
l'impianto,system
l'animale,animal
la mente,mind
l'emendamento,amendment
la programmazione,programming
la memoria,memory
la quota,share
l'autorizzazione,authorization
il genitore,parent
la lotta,fight
la versione,version
il capitale,capital
la differenza,difference
la pena,penalty
l'esecuzione,execution
il contesto,context
il passo,step
la pratica,practice
la considerazione,consideration
la proprietà,property
l'estero,abroad
i media,media
il giro,turn
il partito,party
la vendita,sale
la lettura,reading
il componente,component
l'approvazione,approval
la paura,fear
la volontà,will
la fede,faith
il materiale,material
il regime,regime
il trasporto,transport
il procedimento,procedure
la documentazione,documentation
l'attesa,wait
la madre,mother
l'aiuto,help
il computer,computer
la campagna,campaign
l'argomento,topic
la squadra,team
la pubblicazione,publication
l'auto,car
il riconoscimento,recognition
l'autonomia,autonomy
il possesso,possession
lo svolgimento,development
il passaggio,passage
la scena,scene
la piazza,square
la prestazione,performance
il lato,side
il fenomeno,phenomenon
l'esistenza,existence
la distanza,distance
la copertura,coverage
il cinema,cinema
l'identità,identity
il patrimonio,heritage
la mancanza,lack
il rappresentante,representative
la modifica,modification
l'assenza,absence
la direttiva,directive
il forum,forum
il relatore,speaker
il dibattito,debate
l'evento,event
la verifica,verification
l'ingresso,entrance
l'organo,organ
la promozione,promotion
la domenica,Sunday
il software,software
il fuoco,fire
l'apertura,opening
la stagione,season
la raccolta,collection
il piede,foot
la disponibilità,availability
il docente,teacher
l'università,university
il dipendente,employee
il discorso,speech
lo stile,style
la distribuzione,distribution
la democrazia,democracy
il danno,damage
l'opposizione,opposition
l'occupazione,occupation
la facoltà,faculty
il coordinamento,coordination
lo spirito,spirit
l'elenco,list
la tecnologia,technology
il rifiuto,refusal
la diffusione,diffusion
la manifestazione,demonstration
il testo,text
il ritorno,return
il sole,sun
l'arma,weapon
l'impiego,employment
l'edizione,edition
il recupero,recovery
il personaggio,character
la macchina,machine
l'espressione,expression
la previsione,forecast
il compito,task
la conseguenza,consequence
l'istituto,institute
l'iscrizione,registration
l'elezione,election
il sabato,Saturday
la tradizione,tradition
la notizia,news
la figura,figure
l'epoca,era
il sindaco,mayor
il massimo,maximum
il web,web
il supporto,support
lo spettacolo,show
la conclusione,conclusion
la lista,list
il profilo,profile
il soldo,coin
la visione,vision
l'all,all
il comune,municipality
l'importo,amount
il conto,bill/account
il sangue,blood
il concetto,concept
la creazione,creation
la coscienza,consciousness
il candidato,candidate
l'indicazione,indication
la violenza,violence
l'educazione,education
il primo,first
la malattia,disease
l'acquisto,purchase
la prevenzione,prevention
il nuovo,new
l'insegnamento,teaching
il metodo,method
l'appello,appeal
la mattina,morning
la nota,note
l'italiano,Italian
il peso,weight
l'insieme,together
la visita,visit
il re,king
il segno,sign
il post,post
l'uscita,exit
la finalità,purpose
l'ordinamento,arrangement
l'adozione,adoption
il responsabile,manager
la quantità,quantity
il cielo,sky
l'imposta,tax
il medico,doctor
il finanziamento,financing
il funzionamento,functioning
la votazione,vote
la velocità,speed
lo sport,sport
la dimensione,dimension
l'intesa,agreement
l'opinione,opinion
il voi,you
la porta,door
la laurea,degree
la concessione,concession
l'avviso,notice
il contatto,contact
la sorta,sort
il colore,color
il dubbio,doubt
il trasferimento,transfer
l'of,of
l'aggiornamento,update
il comportamento,behavior
la cooperazione,cooperation
la vicenda,event
la moglie,wife
il teatro,theater
il dirigente,manager
l'anima,soul
la costituzione,constitution
l'efficacia,effectiveness
il traffico,traffic
il linguaggio,language
la novità,novelty
l'industria,industry
l'investimento,investment
il significato,meaning
la speranza,hope
la determinazione,determination
la scienza,science
l'orario,schedule
l'evoluzione,evolution
la solidarietà,solidarity
la nascita,birth
l'internet,internet
l'estate,summer
la fiducia,trust
la mostra,exhibition
il soggiorno,stay
il conflitto,conflict
il senatore,senator
il credito,credit
il volume,volume
il consumatore,consumer
l'insegnante,teacher
il leader,leader
l'arrivo,arrival
l'esperto,expert
il concerto,concert
la chiesa,church
la riflessione,reflection
il contrario,opposite
l'indagine,investigation
la trasmissione,broadcast
il dialogo,dialogue
il disco,record
il reddito,income
il dolore,pain
la massa,mass
la partita,match
il calcio,soccer
la garanzia,guarantee
la tesi,thesis
il generale,general
la vittima,victim
l'inserimento,insertion
la filosofia,philosophy
la chiave,key
la copia,copy
l'allegato,attachment
il segretario,secretary
l'interpretazione,interpretation
la festa,party
l'affare,business
la missione,mission
il vino,wine
il ministero,ministry
la superficie,surface
il terrorismo,terrorism
il silenzio,silence
la partenza,departure
la riunione,meeting
il gas,gas
l'abitante,inhabitant
l'onere,burden
la sostanza,substance
il pericolo,danger
la scadenza,deadline
l'errore,error
il terreno,ground
il protagonista,protagonist
il complesso,complex
la fonte,source
il migliaio,thousand
la battaglia,battle
l'impatto,impact
il commento,comment
il collega,colleague
la violazione,violation
la fortuna,luck
il link,link
il piacere,pleasure
la sala,room
l'attacco,attack
il pomeriggio,afternoon
il bando,call
la firma,signature
il tentativo,attempt
il solito,usual
l'innovazione,innovation
l'organismo,organism
la posta,mail
la nomina,appointment
la trasformazione,transformation
l'incarico,assignment
il venerdì,Friday
la logica,logic
la preparazione,preparation
la religione,religion
la deliberazione,deliberation
la selezione,selection
il consumo,consumption
la prospettiva,perspective
il deputato,deputy
l'esclusione,exclusion
la fascia,band
il totale,total
il km,km
la vittoria,victory
il premio,prize
la carica,charge
la voglia,desire
il video,video
la teoria,theory
l'assessore,councilor
l'isola,island
la carriera,career
l'emergenza,emergency
la ragazza,girl
la compagnia,company
la legislazione,legislation
il sogno,dream
il nord,north
il ciclo,cycle
la passione,passion
l'oro,gold
la potenza,power
il lunedì,Monday
il dollaro,dollar
l'introduzione,introduction
lo sguardo,look
la conferenza,conference
l'alunno,student
il cliente,customer
il rilascio,release
l'assunzione,hiring
la progettazione,design
la risoluzione,resolution
il rilievo,relief
il socio,partner
la colpa,fault
il colpo,hit
la chiusura,closure
il consenso,consent
il cambiamento,change
lo scambio,exchange
la delibera,resolution
l'orientamento,orientation
il capitolo,chapter
la serata,evening
la somma,sum
l'individuazione,identification
il laboratorio,laboratory
la pensione,pension
la tecnica,technique
la pesca,fishing
il miglioramento,improvement
il sud,south
il test,test
la faccia,face
la bocca,mouth
il motore,engine
lo schema,scheme
la morte|il morto,death|dead
il referendum,referendum
la letteratura,literature
il regista,director
il permesso,permission
la strategia,strategy
l'agricoltura,agriculture
la pubblicità,advertising
la mobilità,mobility
la moto,motorcycle
il frutto,fruit
l'esposizione,exhibition
la seconda,second
la caccia,hunting
l'indennità,indemnity
la concorrenza,competition
il male,evil
il pm,public prosecutor
la banca,bank
la carne,meat
la rappresentanza,representation
il paio,pair
il desiderio,desire
l'elaborazione,processing
il titolare,owner
la rivista,magazine
l'osservazione,observation
l'approccio,approach
l'olio,oil
il romanzo,novel
il collegamento,connection
l'eccezione,exception
il vantaggio,advantage
la spalla,shoulder
l'equilibrio,balance
l'incremento,increase
l'infanzia,childhood
il vento,wind
la tv,television
la circolazione,circulation
l'invito,invitation
l'album,album
la perdita,loss
l'atteggiamento,attitude
l'avvio,start
l'infrastruttura,infrastructure
l'artista,artist
la sfida,challenge
la vigilanza,surveillance
la sospensione,suspension
il clima,climate
l'immigrazione,immigration
la poesia,poetry
il reato,crime
il contrasto,contrast
il tasso,rate
il fattore,factor
la pelle,skin
l'umanità,humanity
l'ospedale,hospital
la percentuale,percentage
l'assegnazione,assignment
la conservazione,conservation
l'esito,outcome
l'apprendimento,learning
il turismo,tourism
il pezzo,piece
la scala,staircase
il ricercatore,researcher
la sanzione,sanction
il convegno,conference
la corsa,race
il locale,establishment
l'accertamento,assessment
la revisione,revision
la convenzione,convention
l'esercito,army
l'acquisizione,acquisition
la tabella,table
l'alternativa,alternative
la sintesi,synthesis
la pressione,pressure
il cambio,exchange
la coppia,pair
la cittadinanza,citizenship
l'appuntamento,appointment
il denaro,money
l'indice,index
la consapevolezza,awareness
l'ammissione,admission
il coraggio,courage
la valorizzazione,valorization
il giornale,newspaper
la personalità,personality
la frequenza,frequency
il comando,command
la sanità,healthcare
la civiltà,civilization
l'appartenenza,belonging
il tecnico,technician
il fax,fax
il monitoraggio,monitoring
la scheda,card
la sperimentazione,experimentation
il comitato,committee
la graduatoria,ranking
la televisione,television
il sottosegretario,undersecretary
la stazione,station
il giornalista,journalist
la figlia,daughter
il telefono,telephone
l'anziano,elderly person
l'altezza,height
la camera,room
il secondo,second
l'assemblea,assembly
l'efficienza,efficiency
l'essere,being
la composizione,composition
la residenza,residence
il racconto,story
il paziente,patient
il fratello,brother
il modulo,form
la manutenzione,maintenance
l'attore,actor
il legno,wood
il divieto,prohibition
l'edificio,building
la dignità,dignity
la cellula,cell
la bellezza,beauty
il parametro,parameter
lo statuto,statute
la destinazione,destination
la stella,star
la radio,radio
il parco,park
la priorità,priority
il tribunale,court
la redazione,editorial staff
il marito,husband
la cucina,kitchen
l'ordinanza,ordinance
il formato,format
il dovere,duty
il ritardo,delay
il registro,register
l'intenzione,intention
la conformità,conformity
il giovedì,Thursday
il pianeta,planet
il centinaio,hundred
la messa,mass
la mamma,mom
il cammino,path
la ripresa,recovery
l'agente,agent
la continuità,continuity
il tratto,stretch
il server,server
il centrosinistra,center-left
il volo,flight
la qualifica,qualification
il blog,blog
la generazione,generation
il partecipante,participant
il pesce,fish
la certificazione,certification
la critica,criticism
l'adesione,adhesion
la stanza,room
la medicina,medicine
il minimo,minimum
il calcolo,calculation
la tendenza,trend
l'immigrato,immigrant
la registrazione,registration
il letto,bed
il matrimonio,marriage
la virtù,virtue
la consultazione,consultation
la gioia,joy
il tavolo,table
il carcere,prison
la condanna,conviction
il datore,employer
il porto,port
il volto,face
il compagno,companion
l'istanza,request
il chilometro,kilometer
l'arco,arch
la resistenza,resistance
il campione,champion
l'IT,IT
la scrittura,writing
il fianco,side
la finestra,window
il professore,professor
il volontariato,volunteering
il fiume,river
la professione,profession
l'andamento,trend
la lezione,lesson
la riserva,reserve
la finanza,finance
il latte,milk
il simbolo,symbol
la località,location
la frase,sentence
la biblioteca,library
l'atmosfera,atmosphere
il sindacato,union
l'intervista,interview
il frattempo,meantime
il finale,finale
il mandato,mandate
il filo,thread
il bordo,edge
la ricostruzione,reconstruction
la rivoluzione,revolution
il martedì,Tuesday
il don,priest
l'inquinamento,pollution
la consulenza,consulting
il meccanismo,mechanism
la portata,range
la delega,delegation
il signore,gentleman
il farmaco,drug
il certificato,certificate
la rilevanza,relevance
lo sforzo,effort
il giocatore,player
il soldato,soldier
l'aula,classroom
il nucleo,core
l'accoglienza,reception
il tesoro,treasure
la fatica,fatigue
l'handicap,disability
il beneficio,benefit
l'erogazione,provision
la moda,fashion
l'episodio,episode
il professionista,professional
la conferma,confirmation
l'affidamento,custody
il canto,song
la descrizione,description
l'esterno,exterior
il destino,destiny
l'utilizzazione,utilization
l'evidenza,evidence
la montagna,mountain
l'angolo,corner
il vuoto,void
il protocollo,protocol
il gusto,taste
